<?xml version="1.0" encoding="UTF-8" ?>
<module>
    <name>paysoncheckout2</name>
    <displayName><![CDATA[Payson Checkout 2.0]]></displayName>
    <version><![CDATA[1.0.3]]></version>
    <description><![CDATA[Pay with Payson via invoice, card, internet bank, partial payment or sms.]]></description>
    <author><![CDATA[Payson AB]]></author>
    <tab><![CDATA[payments_gateways]]></tab>
    <is_configurable>1</is_configurable>
    <need_instance>1</need_instance>
	<limited_countries></limited_countries>
</module>